{"DecisionTreeClassifier()": {"train_score": 100.0, "cross_val_accuracy": 87.57087938462641, "conf_mat": [[37121, 4880, 8, 0, 81, 24, 443], [4832, 50555, 276, 2, 553, 227, 55], [10, 304, 6183, 114, 21, 489, 0], [0, 4, 108, 380, 0, 34, 0], [85, 503, 27, 0, 1366, 13, 1], [19, 243, 519, 33, 19, 2656, 0], [423, 61, 0, 0, 0, 0, 3531]], "cl_report": "              precision    recall  f1-score   support\n\n         1.0       0.87      0.87      0.87     42557\n         2.0       0.89      0.89      0.89     56500\n         3.0       0.87      0.87      0.87      7121\n         4.0       0.72      0.72      0.72       526\n         5.0       0.67      0.68      0.68      1995\n         6.0       0.77      0.76      0.77      3489\n         7.0       0.88      0.88      0.88      4015\n\n    accuracy                           0.88    116203\n   macro avg       0.81      0.81      0.81    116203\nweighted avg       0.88      0.88      0.88    116203\n"}, "Pipeline(steps=[('standardscaler', StandardScaler()),\n                ('kneighborsclassifier', KNeighborsClassifier(n_jobs=2))])": {"train_score": 95.62250300661131, "cross_val_accuracy": 87.40565672773826, "conf_mat": [[36844, 5240, 6, 0, 60, 14, 393], [4214, 51377, 293, 3, 303, 262, 48], [11, 387, 6059, 62, 15, 587, 0], [0, 7, 159, 322, 0, 38, 0], [127, 672, 34, 0, 1148, 14, 0], [24, 384, 696, 34, 9, 2342, 0], [472, 66, 0, 0, 1, 0, 3476]], "cl_report": "              precision    recall  f1-score   support\n\n         1.0       0.88      0.87      0.87     42557\n         2.0       0.88      0.91      0.90     56500\n         3.0       0.84      0.85      0.84      7121\n         4.0       0.76      0.61      0.68       526\n         5.0       0.75      0.58      0.65      1995\n         6.0       0.72      0.67      0.69      3489\n         7.0       0.89      0.87      0.88      4015\n\n    accuracy                           0.87    116203\n   macro avg       0.82      0.76      0.79    116203\nweighted avg       0.87      0.87      0.87    116203\n"}}