{"DecisionTreeClassifier()": {"train_score": 100.0, "cross_val_accuracy": 87.57087938462641, "conf_mat": [[37121, 4880, 8, 0, 81, 24, 443], [4832, 50555, 276, 2, 553, 227, 55], [10, 304, 6183, 114, 21, 489, 0], [0, 4, 108, 380, 0, 34, 0], [85, 503, 27, 0, 1366, 13, 1], [19, 243, 519, 33, 19, 2656, 0], [423, 61, 0, 0, 0, 0, 3531]], "cl_report": "              precision    recall  f1-score   support\n\n         1.0       0.87      0.87      0.87     42557\n         2.0       0.89      0.89      0.89     56500\n         3.0       0.87      0.87      0.87      7121\n         4.0       0.72      0.72      0.72       526\n         5.0       0.67      0.68      0.68      1995\n         6.0       0.77      0.76      0.77      3489\n         7.0       0.88      0.88      0.88      4015\n\n    accuracy                           0.88    116203\n   macro avg       0.81      0.81      0.81    116203\nweighted avg       0.88      0.88      0.88    116203\n"}, "Pipeline(steps=[('standardscaler', StandardScaler()),\n                ('kneighborsclassifier', KNeighborsClassifier(n_jobs=2))])": {"train_score": 95.62250300661131, "cross_val_accuracy": 87.40565672773826, "conf_mat": [[36844, 5240, 6, 0, 60, 14, 393], [4214, 51377, 293, 3, 303, 262, 48], [11, 387, 6059, 62, 15, 587, 0], [0, 7, 159, 322, 0, 38, 0], [127, 672, 34, 0, 1148, 14, 0], [24, 384, 696, 34, 9, 2342, 0], [472, 66, 0, 0, 1, 0, 3476]], "cl_report": "              precision    recall  f1-score   support\n\n         1.0       0.88      0.87      0.87     42557\n         2.0       0.88      0.91      0.90     56500\n         3.0       0.84      0.85      0.84      7121\n         4.0       0.76      0.61      0.68       526\n         5.0       0.75      0.58      0.65      1995\n         6.0       0.72      0.67      0.69      3489\n         7.0       0.89      0.87      0.88      4015\n\n    accuracy                           0.87    116203\n   macro avg       0.82      0.76      0.79    116203\nweighted avg       0.87      0.87      0.87    116203\n"}}{"DecisionTreeClassifier()": {"train_score": 100.0, "cross_val_accuracy": 87.59239808756213, "conf_mat": [[37132, 4888, 6, 0, 82, 22, 427], [4845, 50557, 291, 0, 537, 219, 51], [8, 295, 6179, 107, 28, 504, 0], [0, 6, 100, 389, 0, 31, 0], [86, 489, 27, 0, 1376, 15, 2], [23, 240, 521, 33, 16, 2656, 0], [436, 59, 0, 0, 0, 0, 3520]], "cl_report": "              precision    recall  f1-score   support\n\n         1.0       0.87      0.87      0.87     42557\n         2.0       0.89      0.89      0.89     56500\n         3.0       0.87      0.87      0.87      7121\n         4.0       0.74      0.74      0.74       526\n         5.0       0.67      0.69      0.68      1995\n         6.0       0.77      0.76      0.77      3489\n         7.0       0.88      0.88      0.88      4015\n\n    accuracy                           0.88    116203\n   macro avg       0.81      0.81      0.81    116203\nweighted avg       0.88      0.88      0.88    116203\n"}, "Pipeline(steps=[('standardscaler', StandardScaler()),\n                ('kneighborsclassifier', KNeighborsClassifier(n_jobs=2))])": {"train_score": 95.62250300661131, "cross_val_accuracy": 87.40565672773826, "conf_mat": [[36844, 5240, 6, 0, 60, 14, 393], [4214, 51377, 293, 3, 303, 262, 48], [11, 387, 6059, 62, 15, 587, 0], [0, 7, 159, 322, 0, 38, 0], [127, 672, 34, 0, 1148, 14, 0], [24, 384, 696, 34, 9, 2342, 0], [472, 66, 0, 0, 1, 0, 3476]], "cl_report": "              precision    recall  f1-score   support\n\n         1.0       0.88      0.87      0.87     42557\n         2.0       0.88      0.91      0.90     56500\n         3.0       0.84      0.85      0.84      7121\n         4.0       0.76      0.61      0.68       526\n         5.0       0.75      0.58      0.65      1995\n         6.0       0.72      0.67      0.69      3489\n         7.0       0.89      0.87      0.88      4015\n\n    accuracy                           0.87    116203\n   macro avg       0.82      0.76      0.79    116203\nweighted avg       0.87      0.87      0.87    116203\n"}, "<models.GaussianNaiveBayes object at 0x00000209F16C25F0>": {"train_score": 7.410140509327487, "cross_val_accuracy": 7.325112088328184, "conf_mat": [[0, 0, 0, 0, 0, 0, 0, 0], [7692, 800, 228, 0, 23962, 276, 9599, 0], [3977, 6282, 3607, 572, 39359, 226, 2477, 0], [0, 0, 2862, 4096, 139, 24, 0, 0], [0, 0, 3, 523, 0, 0, 0, 0], [4, 15, 338, 0, 1629, 9, 0, 0], [16, 1, 1080, 1821, 437, 134, 0, 0], [39, 13, 17, 0, 357, 0, 3589, 0]], "cl_report": "              precision    recall  f1-score   support\n\n         0.0       0.00      0.00      0.00         0\n         1.0       0.11      0.02      0.03     42557\n         2.0       0.44      0.06      0.11     56500\n         3.0       0.58      0.58      0.58      7121\n         4.0       0.00      0.00      0.00       526\n         5.0       0.01      0.00      0.01      1995\n         6.0       0.00      0.00      0.00      3489\n         7.0       0.00      0.00      0.00      4015\n\n    accuracy                           0.07    116203\n   macro avg       0.14      0.08      0.09    116203\nweighted avg       0.29      0.07      0.10    116203\n"}}