{"train_score": 96.08807058383121, "cross_val_accuracy": 88.56569669337114, "conf_mat": [[37264, 4854, 5, 0, 52, 13, 369], [3954, 51722, 235, 3, 309, 235, 42], [10, 318, 6243, 50, 17, 483, 0], [0, 9, 145, 335, 0, 37, 0], [94, 586, 35, 0, 1265, 15, 0], [17, 327, 562, 30, 9, 2544, 0], [409, 62, 0, 0, 1, 0, 3543]], "cl_report": "              precision    recall  f1-score   support\n\n         1.0       0.89      0.88      0.88     42557\n         2.0       0.89      0.92      0.90     56500\n         3.0       0.86      0.88      0.87      7121\n         4.0       0.80      0.64      0.71       526\n         5.0       0.77      0.63      0.69      1995\n         6.0       0.76      0.73      0.75      3489\n         7.0       0.90      0.88      0.89      4015\n\n    accuracy                           0.89    116203\n   macro avg       0.84      0.79      0.81    116203\nweighted avg       0.89      0.89      0.89    116203\n"}