{"train_score": 7.410140509327487, "cross_val_accuracy": 7.325112088328184, "conf_mat": [[0, 0, 0, 0, 0, 0, 0, 0], [7692, 800, 228, 0, 23962, 276, 9599, 0], [3977, 6282, 3607, 572, 39359, 226, 2477, 0], [0, 0, 2862, 4096, 139, 24, 0, 0], [0, 0, 3, 523, 0, 0, 0, 0], [4, 15, 338, 0, 1629, 9, 0, 0], [16, 1, 1080, 1821, 437, 134, 0, 0], [39, 13, 17, 0, 357, 0, 3589, 0]], "cl_report": "              precision    recall  f1-score   support\n\n         0.0       0.00      0.00      0.00         0\n         1.0       0.11      0.02      0.03     42557\n         2.0       0.44      0.06      0.11     56500\n         3.0       0.58      0.58      0.58      7121\n         4.0       0.00      0.00      0.00       526\n         5.0       0.01      0.00      0.01      1995\n         6.0       0.00      0.00      0.00      3489\n         7.0       0.00      0.00      0.00      4015\n\n    accuracy                           0.07    116203\n   macro avg       0.14      0.08      0.09    116203\nweighted avg       0.29      0.07      0.10    116203\n"}