{"train_score": 7.410140509327487, "cross_val_accuracy": 7.48862170256499, "conf_mat": [[0, 0, 0, 0, 0, 0, 0, 0], [7772, 663, 255, 0, 23384, 430, 10053, 0], [3862, 5828, 3924, 569, 38795, 645, 2877, 0], [0, 0, 2869, 4104, 122, 26, 0, 0], [0, 0, 3, 523, 0, 0, 0, 0], [18, 3, 363, 0, 1600, 11, 0, 0], [15, 0, 1061, 1843, 402, 168, 0, 0], [50, 8, 17, 0, 336, 0, 3604, 0]], "cl_report": "              precision    recall  f1-score   support\n\n         0.0       0.00      0.00      0.00         0\n         1.0       0.10      0.02      0.03     42557\n         2.0       0.46      0.07      0.12     56500\n         3.0       0.58      0.58      0.58      7121\n         4.0       0.00      0.00      0.00       526\n         5.0       0.01      0.01      0.01      1995\n         6.0       0.00      0.00      0.00      3489\n         7.0       0.00      0.00      0.00      4015\n\n    accuracy                           0.07    116203\n   macro avg       0.14      0.08      0.09    116203\nweighted avg       0.30      0.07      0.10    116203\n"}