{"train_score": 32.43160093715913, "cross_val_accuracy": 32.586071553352944, "conf_mat": [[0, 0, 0, 0, 0, 0, 0, 0], [4689, 37866, 0, 0, 0, 0, 2, 0], [372, 56122, 0, 0, 0, 0, 6, 0], [0, 6486, 0, 0, 0, 635, 0, 0], [0, 453, 0, 0, 0, 73, 0, 0], [0, 1995, 0, 0, 0, 0, 0, 0], [1, 3152, 0, 0, 0, 336, 0, 0], [3177, 768, 0, 0, 0, 0, 70, 0]], "cl_report": "              precision    recall  f1-score   support\n\n         0.0       0.00      0.00      0.00         0\n         1.0       0.35      0.89      0.51     42557\n         2.0       0.00      0.00      0.00     56500\n         3.0       0.00      0.00      0.00      7121\n         4.0       0.00      0.00      0.00       526\n         5.0       0.00      0.00      0.00      1995\n         6.0       0.00      0.00      0.00      3489\n         7.0       0.00      0.00      0.00      4015\n\n    accuracy                           0.33    116203\n   macro avg       0.04      0.11      0.06    116203\nweighted avg       0.13      0.33      0.19    116203\n"}