{"train_score": 75.1725971698761, "cross_val_accuracy": 75.18652677536011, "conf_mat": [[31844, 10246, 3, 0, 10, 32, 422], [9381, 46278, 249, 1, 98, 440, 53], [1, 976, 5256, 124, 4, 760, 0], [0, 1, 252, 211, 0, 62, 0], [75, 1638, 63, 0, 208, 11, 0], [11, 844, 1354, 17, 5, 1258, 0], [1664, 37, 0, 0, 0, 0, 2314]], "cl_report": "              precision    recall  f1-score   support\n\n         1.0       0.74      0.75      0.74     42557\n         2.0       0.77      0.82      0.79     56500\n         3.0       0.73      0.74      0.74      7121\n         4.0       0.60      0.40      0.48       526\n         5.0       0.64      0.10      0.18      1995\n         6.0       0.49      0.36      0.42      3489\n         7.0       0.83      0.58      0.68      4015\n\n    accuracy                           0.75    116203\n   macro avg       0.69      0.54      0.58    116203\nweighted avg       0.75      0.75      0.75    116203\n"}